Id,FirstName,LastName,Email,PhoneNo,Courses,Exams,RegistrationNo
99855b9b-3a00-4b51-8088-23a952278aa5,Waylen,Grishenkov,wgrishenkov0@prnewswire.com,+503 399 375 3761,8a9c8204-5288-4d3b-ad36-e7b0d853e9fe,e8da3891-1bb3-489a-89e5-a1b5950cc44e,2016831026
4b7a4454-5bde-427f-8a3f-8bfc4890bc95,Taber,Salway,tsalway1@dailymail.co.uk,+30 588 463 6522,041093e1-02bd-427e-a7a8-1e56ca102e21,2d651a1c-de0f-4567-9f11-d85aae407f72,2016831017
878bd61e-cc60-4107-a024-ae5e9c32676b,Garrik,Gossart,ggossart2@indiatimes.com,+86 417 687 3148,efe5cbe3-6b41-43fc-a2d9-f772533c39ca,a6f35be1-26c7-4354-903b-337b94ada198,201683101
951b5651-4774-493e-abf7-89507bf0326b,Claybourne,Bernli,cbernli3@psu.edu,+86 592 698 3009,69f0e93f-4af0-4a75-af41-6b4a327375dc,c720cb86-a0a1-426c-a7b5-3a7752999559,2016831029
863fcffd-e6fa-413b-940a-6a004810fe42,Melisenda,Casella,mcasella4@blog.com,+86 611 708 0329,02988a9d-eb53-41b2-a53e-6eb22bb00f8d,b2c99213-237b-4118-8c25-0bf41fbce902,201683105
96a0e25b-2d5a-48c8-902e-6c39d6188323,Crawford,France,cfrance5@eventbrite.com,+34 743 907 7134,aedeb45f-06aa-4432-8475-5dc51eae069c,9f9f2224-c8af-4e38-87d9-e08bdb252859,2016831015
30c6c9e3-679f-4583-ad2e-dc175adcb8fb,Alasdair,Hassin,ahassin6@vistaprint.com,+251 360 637 1515,bfb95b1f-e79b-4735-9543-b9f19650d011,16e0f6bd-2b21-4928-844c-622d637a94f4,201683107
a8b8f029-41b0-4549-8dd4-f5e742e9b539,Rey,Esmond,resmond7@ft.com,+51 756 332 6686,d6e7c1d4-fcfe-4d29-b244-2ef5cf10a5fa,b430ecdd-4456-4451-a339-7f59217c488e,2016831012
6eae2ba3-0950-4ba9-885f-13554d83fccf,Michel,Edgeson,medgeson8@japanpost.jp,+351 420 448 8755,b124f746-01a4-4d5c-a290-3f5a630d2900,8929ea0a-509a-4ea3-aade-e73327e03683,2016831015
19865b53-8068-455b-93d3-0d8c1cfe6049,Lyn,Rudeforth,lrudeforth9@gizmodo.com,+86 714 391 1028,725e3052-c2a4-417f-9b70-19bc532c27ad,2a836bec-1302-42af-84d4-d2363506abd0,2016831012